image,text
AN7.png,AN01H0908
AP25.png,AP26AM1260
AP3.png,AP2D4014
AP41.png,AP5CG6320
AR11.png,AR01J0123
AR8.png,AR089631
AS2.png,AS07AC6653
AS22.png,AS01AN8668
AS3.png,AS23E0596
AS6.png,AS12S6951
AS7.png,AS06Q4437
C (100).png,KA09MA2662
C (12).png,WOR516K
C (145).png,PEN15
C (161).png,007PLATECOM
C (165).png,GT
C (173).png,UK17C09
C (192).png,KA03AB3380
C (193).png,E4GLE
C (195).png,TN21BZ0768
C (208).png,K817GR
C (225).png,KL88AU777
C (227).png,TN19S4523
C (232).png,GB18TCE
C (236).png,GJ03JL0126
C (256).png,MH20EJ0364
C (263).png,1CYAH8N
C (264).png,MH02CB4545
C (29).png,AP11AM091
C (290).png,S32H
C (299).png,LAMBO
C (3).png,PRENUP
C (312).png,TN21AT8349
C (372).png,EZO
C (373).png,HR26CE1485
C (387).png,AB44887
C (403).png,SGQ51JU
C (410).png,RK977AF
C (42).png,YNTZDBG
C (424).png,P3RVP
C (43).png,BYHM136
C (49).png,ALR486
C (63).png,WATTUP
C (70).png,KWID
C (93).png,AD00008
C (98).png,KA05MG1909
CG12.png,CG12AG1130
CG13.png,CG16B1802
CG18.png,CG07CA7784
CG8.png,CG04H5060
CH5.png,CH01AP4538
DL22.png,DL6CL0457
DL3.png,DL8CAU6883
DL31.png,DL8CNA8596
DL4.png,DL9CAV5573
DL8.png,DL10CH1252
DN6.png,DN09D1438
GA5.png,GA01E5947
GJ1.png,GJ7AG4373
GJ10.png,GJ01RA8370
GJ5.png,GJ15CG7928
HP13.png,HP34C8986
HP17.png,HP20E3953
HP7.png,HP12C3766
HR6.png,HR26DJ8832
JK7.png,JK11B4928
KA1.png,KA03MQ6984
KL6.png,KL46R3613
MH19.png,MH12KN8366
MH3.png,MH48AC6244
MH6.png,MH47N0712
ML25.png,ML04B8389
ML29.png,ML04C4738
ML34.png,ML05H6564
ML37.png,ML08E9223
MP6.png,MP07CA5563
OD17.png,OD14R7432
PB18.png,PB08BF6160
PB20.png,PB31R8123
PB22.png,PB06AN6162
PB29.png,PB10EE0888
PY1.png,PY01Q7947
PY13.png,PY01CG2929
RJ9.png,RJ20UB0137
SK6.png,SK04P1320
SK7.png,SK02P3471
TN1.png,TN63BY7954
TN4.png,TN10AR0131
TR8.png,TR01E2157
TS8.png,TS09EG6565
UK5.png,UK106679
UP14.png,UP16BD4866
UP22.png,UP11AY0646
UP29.png,UP14AF3804
WB2.png,WB02M8447
WB26.png,WB02AD3017
WB4.png,WB02X8795
y (10).jpg,AP27AP6977
y (110).jpg,AP07CP4179
y (120).jpg,AP16AW3330
y (122).jpg,AP07AT4483
y (129).jpg,AP28AW3712
y (154).jpg,AP07BP3220
y (161).jpg,AP07AU8012
y (174).jpg,AP16CU6515
y (18).jpg,AP07AU0494
y (196).jpg,AP37CW1642
y (200).jpg,AP39S2904
y (230).jpg,AP09AQ9324
y (235).jpg,AP39CD1876
y (236).jpg,AP07DF9222
y (276).jpg,UP65CP0983
y (284).jpg,AP07DY7518
y (291).jpg,AP07CU8887
y (292).jpg,AP07BH2856
y (298).jpg,AP13K5409
y (309).jpg,AP39TS5533
y (314).jpg,AP39Y6796
y (315).jpg,AP39Y7465
y (316).jpg,AP39Y7465
y (320).jpg,AP39Y6796
y (322).jpg,AP39TN3351
y (326).jpg,AP39Y6796
y (329).jpg,AP07Z130
y (365).jpg,TS28D8281
y (377).jpg,AP39LR0478
y (385).jpg,AP39LM0864
y (395).jpg,AP37CW1642
y (398).jpg,AP39S2904
y (4).jpg,AP39FU4134
y (40).jpg,AP27AP2327
y (408).jpg,AP39LH6221
y (411).jpg,AP39NH7823
y (416).jpg,AP39RV3259
y (423).jpg,AP07DW3882
y (443).jpg,AP07CM3019
y (444).jpg,AP07AU2130
y (445).jpg,AP40S6074
y (447).jpg,AP07CA2442
y (457).jpg,AP07AY6493
y (461).jpg,AP07CM0628
y (463).jpg,AP07CY9885
y (470).jpg,AP39MP0489
y (475).jpg,AP27AY9319
y (483).jpg,AP39N5961
y (490).jpg,AP40L4068
y (497).jpg,AP16CR7764
y (509).jpg,AP26AJ2198
y (523).jpg,AP39TF9814
y (526).jpg,AP07AT4483
y (547).jpg,AP39NA6326
y (560).jpg,AP27E8261
y (563).jpg,AP39HD3828
y (567).jpg,AP39KW6346
y (573).jpg,AP16CR9764
y (582).jpg,AP16BZ4978
y (596).jpg,AP07BN4554
y (60).jpg,AP32DX3022
y (607).jpg,AP27TY9712
y (609).jpg,AP39KZ3492
y (613).jpg,AP07AQ5346
y (616).jpg,AP37TA7787
y (621).jpg,AP27AY6602
y (628).jpg,AP27BJ9800
y (636).jpg,AP27AT8557
y (65).jpg,AP07AU2455
y (652).jpg,AP27BY5377
y (662).jpg,AP40CY4566
y (665).jpg,AP07BP3238
y (670).jpg,AP39FG6029
y (680).jpg,AP07BB8511
y (683).jpg,AP40AL2005
y (689).jpg,AP39MD8773
y (692).jpg,AP07CP6890
y (696).jpg,AP39CC3113
y (699).jpg,AP07AW0817
y (7).jpg,AP07CR7972
y (700).jpg,AP39N5961
y (704).jpg,AP03CB4
y (705).jpg,AP09CC1763
y (708).jpg,AP07BT6744
y (712).jpg,AP07AU1487
y (735).jpg,AP40AN2735
y (739).jpg,AP07CU3433
y (752).jpg,AP27AY4525
y (755).jpg,AP39JV1882
y (765).jpg,AP07AP9347
y (767).jpg,AP39HS8064
y (778).jpg,AP07EB4723
y (785).jpg,AP07CN8379
y (808).jpg,AP07AP9347
y (811).jpg,AP37BF0770
y (814).jpg,AP07EA4
y (815).jpg,AP07EA4066
y (819).jpg,AP39QU4337
y (833).jpg,AP07BB2833
y (849).jpg,AP07CV2363
y (855).jpg,AP39LG8062
y (857).jpg,AP27AT5599
y (87).jpg,AP39HR4974
